-- --------------------------------------------------------
-- Host:                         127.0.0.1
-- Versión del servidor:         8.0.44 - MySQL Community Server - GPL
-- SO del servidor:              Linux
-- HeidiSQL Versión:             12.14.0.7165
-- --------------------------------------------------------

/*!40101 SET @OLD_CHARACTER_SET_CLIENT=@@CHARACTER_SET_CLIENT */;
/*!40101 SET NAMES utf8 */;
/*!50503 SET NAMES utf8mb4 */;
/*!40103 SET @OLD_TIME_ZONE=@@TIME_ZONE */;
/*!40103 SET TIME_ZONE='+00:00' */;
/*!40014 SET @OLD_FOREIGN_KEY_CHECKS=@@FOREIGN_KEY_CHECKS, FOREIGN_KEY_CHECKS=0 */;
/*!40101 SET @OLD_SQL_MODE=@@SQL_MODE, SQL_MODE='NO_AUTO_VALUE_ON_ZERO' */;
/*!40111 SET @OLD_SQL_NOTES=@@SQL_NOTES, SQL_NOTES=0 */;


-- Volcando estructura de base de datos para phototop
CREATE DATABASE IF NOT EXISTS `phototop` /*!40100 DEFAULT CHARACTER SET utf8mb4 COLLATE utf8mb4_0900_ai_ci */ /*!80016 DEFAULT ENCRYPTION='N' */;
USE `phototop`;

-- Volcando estructura para tabla phototop.categories
CREATE TABLE IF NOT EXISTS `categories` (
  `id` int NOT NULL AUTO_INCREMENT,
  `name` varchar(50) COLLATE utf8mb4_general_ci NOT NULL,
  `slug` varchar(60) COLLATE utf8mb4_general_ci NOT NULL,
  `active` tinyint(1) NOT NULL DEFAULT '1',
  `created_at` timestamp NULL DEFAULT CURRENT_TIMESTAMP,
  `updated_at` timestamp NULL DEFAULT CURRENT_TIMESTAMP ON UPDATE CURRENT_TIMESTAMP,
  `deleted_at` timestamp NULL DEFAULT NULL,
  PRIMARY KEY (`id`),
  UNIQUE KEY `uq_categories_slug` (`slug`)
) ENGINE=InnoDB AUTO_INCREMENT=9 DEFAULT CHARSET=utf8mb4 COLLATE=utf8mb4_general_ci;

-- Volcando datos para la tabla phototop.categories: ~8 rows (aproximadamente)
INSERT INTO `categories` (`id`, `name`, `slug`, `active`, `created_at`, `updated_at`, `deleted_at`) VALUES
	(1, 'Retrato', 'retrato', 1, '2026-01-28 18:47:17', '2026-01-28 18:47:17', NULL),
	(2, 'Moda', 'moda', 1, '2026-01-28 18:47:17', '2026-01-28 18:47:17', NULL),
	(3, 'Paisaje', 'paisaje', 1, '2026-01-28 18:47:17', '2026-01-28 18:47:17', NULL),
	(4, 'Naturaleza', 'naturaleza', 1, '2026-01-28 18:47:17', '2026-01-28 18:47:17', NULL),
	(5, 'Arquitectura', 'arquitectura', 1, '2026-01-28 18:47:17', '2026-01-28 18:47:17', NULL),
	(6, 'Deporte', 'deporte', 1, '2026-01-28 18:47:17', '2026-01-28 18:47:17', NULL),
	(7, 'Boda', 'boda', 1, '2026-01-28 18:47:17', '2026-01-28 18:47:17', NULL),
	(8, 'Otros', 'otros', 1, '2026-01-28 18:47:17', '2026-01-28 18:47:17', NULL);

-- Volcando estructura para tabla phototop.follows
CREATE TABLE IF NOT EXISTS `follows` (
  `id` int NOT NULL AUTO_INCREMENT,
  `follower_id` int NOT NULL,
  `followed_id` int NOT NULL,
  `active` tinyint(1) NOT NULL DEFAULT '1',
  `created_at` timestamp NULL DEFAULT CURRENT_TIMESTAMP,
  `updated_at` timestamp NULL DEFAULT CURRENT_TIMESTAMP ON UPDATE CURRENT_TIMESTAMP,
  `deleted_at` timestamp NULL DEFAULT NULL,
  PRIMARY KEY (`id`),
  UNIQUE KEY `uq_follow` (`follower_id`,`followed_id`),
  KEY `fk_follows_followed` (`followed_id`),
  CONSTRAINT `fk_follows_followed` FOREIGN KEY (`followed_id`) REFERENCES `users` (`id`) ON DELETE CASCADE,
  CONSTRAINT `fk_follows_follower` FOREIGN KEY (`follower_id`) REFERENCES `users` (`id`) ON DELETE CASCADE,
  CONSTRAINT `chk_follow_not_self` CHECK ((`follower_id` <> `followed_id`))
) ENGINE=InnoDB AUTO_INCREMENT=31 DEFAULT CHARSET=utf8mb4 COLLATE=utf8mb4_general_ci;

-- Volcando datos para la tabla phototop.follows: ~5 rows (aproximadamente)
INSERT INTO `follows` (`id`, `follower_id`, `followed_id`, `active`, `created_at`, `updated_at`, `deleted_at`) VALUES
	(1, 3, 6, 1, '2026-06-06 17:18:52', '2026-06-06 17:18:52', NULL),
	(2, 3, 7, 0, '2026-06-06 17:19:14', '2026-06-06 17:49:31', '2026-06-06 17:49:31'),
	(3, 7, 6, 1, '2026-06-06 21:10:55', '2026-06-06 21:10:55', NULL),
	(4, 11, 6, 1, '2026-06-07 11:12:27', '2026-06-07 11:12:27', NULL),
	(5, 6, 7, 0, '2026-06-07 15:48:52', '2026-06-07 15:48:53', '2026-06-07 15:48:53'),
	(6, 8, 13, 1, '2026-06-07 21:30:34', '2026-06-07 21:30:34', NULL),
	(7, 8, 12, 1, '2026-06-07 21:30:45', '2026-06-07 21:30:45', NULL),
	(8, 8, 11, 1, '2026-06-07 21:30:55', '2026-06-07 21:30:55', NULL),
	(9, 8, 3, 1, '2026-06-07 21:35:28', '2026-06-07 21:35:28', NULL),
	(10, 8, 6, 1, '2026-06-07 21:35:48', '2026-06-07 21:35:48', NULL),
	(11, 3, 11, 1, '2026-06-07 21:38:47', '2026-06-07 21:38:47', NULL),
	(12, 4, 6, 1, '2026-06-07 21:40:47', '2026-06-07 21:40:47', NULL),
	(13, 4, 10, 1, '2026-06-07 21:40:53', '2026-06-07 21:40:53', NULL),
	(14, 4, 12, 1, '2026-06-07 21:42:16', '2026-06-07 21:42:16', NULL),
	(15, 4, 11, 1, '2026-06-07 21:42:32', '2026-06-07 21:42:32', NULL),
	(16, 5, 6, 1, '2026-06-07 21:43:16', '2026-06-07 21:43:16', NULL),
	(17, 5, 4, 1, '2026-06-07 21:43:29', '2026-06-07 21:43:29', NULL),
	(18, 6, 5, 1, '2026-06-07 21:45:03', '2026-06-07 21:45:03', NULL),
	(19, 6, 4, 1, '2026-06-07 21:45:35', '2026-06-07 21:45:35', NULL),
	(20, 6, 9, 1, '2026-06-07 21:45:49', '2026-06-07 21:45:49', NULL),
	(21, 6, 10, 1, '2026-06-07 21:46:21', '2026-06-07 21:46:21', NULL),
	(22, 7, 9, 1, '2026-06-07 21:51:54', '2026-06-07 21:51:54', NULL),
	(23, 9, 7, 1, '2026-06-07 21:56:18', '2026-06-07 21:56:18', NULL),
	(24, 9, 13, 1, '2026-06-07 21:57:12', '2026-06-07 21:57:12', NULL),
	(25, 9, 11, 1, '2026-06-07 21:57:31', '2026-06-07 21:57:31', NULL),
	(26, 9, 6, 1, '2026-06-07 21:58:41', '2026-06-07 21:58:41', NULL),
	(27, 11, 13, 1, '2026-06-07 22:00:16', '2026-06-07 22:00:16', NULL),
	(28, 11, 12, 1, '2026-06-07 22:00:33', '2026-06-07 22:00:33', NULL),
	(29, 15, 14, 1, '2026-06-07 22:09:04', '2026-06-07 22:09:04', NULL),
	(30, 14, 15, 1, '2026-06-07 22:09:30', '2026-06-07 22:09:30', NULL);

-- Volcando estructura para tabla phototop.messages
CREATE TABLE IF NOT EXISTS `messages` (
  `id` int NOT NULL AUTO_INCREMENT,
  `sender_id` int NOT NULL,
  `receiver_id` int NOT NULL,
  `body` text CHARACTER SET utf8mb4 COLLATE utf8mb4_general_ci NOT NULL,
  `read_at` timestamp NULL DEFAULT NULL,
  `sender_deleted_at` timestamp NULL DEFAULT NULL,
  `receiver_deleted_at` timestamp NULL DEFAULT NULL,
  `active` tinyint(1) NOT NULL DEFAULT '1',
  `created_at` timestamp NULL DEFAULT CURRENT_TIMESTAMP,
  `updated_at` timestamp NULL DEFAULT CURRENT_TIMESTAMP ON UPDATE CURRENT_TIMESTAMP,
  `deleted_at` timestamp NULL DEFAULT NULL,
  PRIMARY KEY (`id`),
  KEY `idx_sender` (`sender_id`,`id`),
  KEY `idx_receiver` (`receiver_id`,`id`),
  KEY `idx_pair` (`sender_id`,`receiver_id`,`id`),
  KEY `idx_messages_pair_created` (`sender_id`,`receiver_id`,`created_at`),
  KEY `idx_messages_receiver_read` (`receiver_id`,`read_at`),
  CONSTRAINT `fk_messages_receiver` FOREIGN KEY (`receiver_id`) REFERENCES `users` (`id`) ON DELETE CASCADE,
  CONSTRAINT `fk_messages_sender` FOREIGN KEY (`sender_id`) REFERENCES `users` (`id`) ON DELETE CASCADE
) ENGINE=InnoDB AUTO_INCREMENT=10 DEFAULT CHARSET=utf8mb4 COLLATE=utf8mb4_general_ci;

-- Volcando datos para la tabla phototop.messages: ~9 rows (aproximadamente)
INSERT INTO `messages` (`id`, `sender_id`, `receiver_id`, `body`, `read_at`, `sender_deleted_at`, `receiver_deleted_at`, `active`, `created_at`, `updated_at`, `deleted_at`) VALUES
	(1, 6, 3, 'Hola como estás ?', '2026-04-25 11:04:31', NULL, NULL, 1, '2026-04-25 11:02:38', '2026-04-25 11:04:31', NULL),
	(2, 3, 6, 'Hey que tal ?', '2026-04-25 11:04:58', NULL, NULL, 1, '2026-04-25 11:04:38', '2026-04-25 11:04:58', NULL),
	(3, 6, 7, 'prueba de mensaje', '2026-04-25 11:17:33', '2026-04-25 11:17:11', NULL, 1, '2026-04-25 11:16:58', '2026-04-25 11:17:33', NULL),
	(4, 6, 7, 'Este es el segundo mensaje', '2026-04-25 11:17:33', NULL, NULL, 1, '2026-04-25 11:17:07', '2026-04-25 11:17:33', NULL),
	(5, 3, 7, 'Hola, me interesa una sesión de fotos.', NULL, NULL, NULL, 1, '2026-05-24 10:26:26', '2026-05-24 10:26:26', NULL),
	(6, 3, 7, 'Hola, me interesa una sesión de fotos.', NULL, NULL, NULL, 1, '2026-05-24 17:14:22', '2026-05-24 17:14:22', NULL),
	(7, 3, 13, 'Hola me gusta tu foto', '2026-06-06 14:13:00', NULL, NULL, 1, '2026-06-06 14:12:45', '2026-06-06 14:13:00', NULL),
	(8, 13, 3, 'Cuando quieras te hago un reportaje', NULL, NULL, NULL, 1, '2026-06-06 14:13:17', '2026-06-06 14:13:17', NULL),
	(9, 6, 3, 'Hola Raul', '2026-06-06 16:08:35', NULL, NULL, 1, '2026-06-06 16:08:15', '2026-06-06 16:08:35', NULL);

-- Volcando estructura para tabla phototop.photos
CREATE TABLE IF NOT EXISTS `photos` (
  `id` int NOT NULL AUTO_INCREMENT,
  `post_id` int NOT NULL,
  `file_path` varchar(255) CHARACTER SET utf8mb4 COLLATE utf8mb4_general_ci NOT NULL,
  `active` tinyint(1) NOT NULL DEFAULT '1',
  `created_at` timestamp NULL DEFAULT CURRENT_TIMESTAMP,
  PRIMARY KEY (`id`),
  KEY `FK_photos_post` (`post_id`),
  CONSTRAINT `FK_photos_post` FOREIGN KEY (`post_id`) REFERENCES `posts` (`id`) ON DELETE CASCADE
) ENGINE=InnoDB AUTO_INCREMENT=180 DEFAULT CHARSET=utf8mb4 COLLATE=utf8mb4_general_ci;

-- Volcando datos para la tabla phototop.photos: ~69 rows (aproximadamente)
INSERT INTO `photos` (`id`, `post_id`, `file_path`, `active`, `created_at`) VALUES
	(1, 1, '/uploads/posts/p_1773334639617_7er4s79wnc.jpg', 1, '2026-03-12 16:57:19'),
	(2, 1, '/uploads/posts/p_1773334639619_71hl9h94yxc.jpg', 1, '2026-03-12 16:57:19'),
	(3, 1, '/uploads/posts/p_1773334639659_i8pnn2wrinj.jpg', 1, '2026-03-12 16:57:19'),
	(4, 1, '/uploads/posts/p_1773334639661_ws89ugn882.png', 1, '2026-03-12 16:57:19'),
	(5, 2, '/uploads/posts/p_1773339679868_sm143b0pxhf.jpg', 1, '2026-03-12 18:21:19'),
	(6, 3, '/uploads/posts/p_1773339749304_e7z5go7b6t.jpg', 1, '2026-03-12 18:22:29'),
	(7, 3, '/uploads/posts/p_1773339749312_s8jm6xr44k.jpg', 1, '2026-03-12 18:22:29'),
	(8, 4, '/uploads/posts/p_1773340643764_j1uqd54n45.jpg', 1, '2026-03-12 18:37:23'),
	(9, 4, '/uploads/posts/p_1773340643764_szz5b72blsf.png', 1, '2026-03-12 18:37:23'),
	(10, 5, '/uploads/posts/p_1773400699802_znznpfxom4f.jpg', 1, '2026-03-13 11:18:19'),
	(11, 5, '/uploads/posts/p_1773400699822_nt0tdaj958.jpg', 1, '2026-03-13 11:18:19'),
	(12, 6, '/uploads/posts/p_1773400777268_l7o716mmesl.jpg', 1, '2026-03-13 11:19:37'),
	(13, 7, '/uploads/posts/p_1773401032159_0hct8cdjagt8.jpg', 1, '2026-03-13 11:23:52'),
	(14, 7, '/uploads/posts/p_1773401032161_jlykv0f55ml.jpg', 1, '2026-03-13 11:23:52'),
	(15, 7, '/uploads/posts/p_1773401032162_5md1xptf7nh.png', 1, '2026-03-13 11:23:52'),
	(16, 7, '/uploads/posts/p_1773401032194_icc42hoypmg.jpg', 1, '2026-03-13 11:23:52'),
	(17, 7, '/uploads/posts/p_1773401032201_hqv1exctlqc.jpg', 1, '2026-03-13 11:23:52'),
	(18, 7, '/uploads/posts/p_1773401032210_u62qdqdqn7d.jpg', 1, '2026-03-13 11:23:52'),
	(19, 8, '/uploads/posts/p_1773428129396_xvsgic7167s.jpg', 1, '2026-03-13 18:55:29'),
	(20, 8, '/uploads/posts/p_1773428129402_4km8abhlhx7.jpg', 1, '2026-03-13 18:55:29'),
	(21, 8, '/uploads/posts/p_1773428129454_dfdg2m0slq5.jpg', 1, '2026-03-13 18:55:29'),
	(22, 8, '/uploads/posts/p_1773428129468_n4p2jpjjd4c.jpg', 1, '2026-03-13 18:55:29'),
	(23, 8, '/uploads/posts/p_1773428129468_kfp72r5dpz.jpg', 1, '2026-03-13 18:55:29'),
	(24, 9, '/uploads/posts/p_1776506226989_cna8ipmqvv.jpg', 1, '2026-04-18 09:57:07'),
	(25, 9, '/uploads/posts/p_1776506226992_j5ezaq4z7s.jpg', 1, '2026-04-18 09:57:07'),
	(26, 9, '/uploads/posts/p_1776506227024_05makrtmrnb6.jpg', 1, '2026-04-18 09:57:07'),
	(27, 10, '/uploads/posts/p_1776506338709_ysz1elpm8r.jpg', 1, '2026-04-18 09:58:58'),
	(28, 11, '/uploads/posts/p_1776506370060_wzi2fdjsc4c.jpg', 1, '2026-04-18 09:59:30'),
	(29, 11, '/uploads/posts/p_1776506370070_a75oya8tgmn.png', 1, '2026-04-18 09:59:30'),
	(30, 12, '/uploads/posts/p_1776507655437_zustvf6iczs.jpg', 1, '2026-04-18 10:20:55'),
	(31, 12, '/uploads/posts/p_1776507655439_z0cqk108zjd.jpg', 1, '2026-04-18 10:20:55'),
	(32, 13, '/uploads/posts/p_1776507678751_eihvf9cow9l.jpg', 1, '2026-04-18 10:21:18'),
	(33, 14, '/uploads/posts/p_1776507702668_gnqzuqtuyl.jpg', 1, '2026-04-18 10:21:42'),
	(34, 14, '/uploads/posts/p_1776507702696_5ebf2yd6pjc.jpg', 1, '2026-04-18 10:21:42'),
	(35, 14, '/uploads/posts/p_1776507702697_0nl8cj0yrvk.png', 1, '2026-04-18 10:21:42'),
	(36, 15, '/uploads/posts/p_1776509939937_aqmoi5lrlbh.jpg', 1, '2026-04-18 10:58:59'),
	(37, 16, '/uploads/posts/p_1779559109553_7ptlccaodef.jpg', 1, '2026-05-23 17:58:29'),
	(38, 17, '/uploads/posts/p_1779559606374_gojo0nb9kbb.jpg', 1, '2026-05-23 18:06:46'),
	(39, 17, '/uploads/posts/p_1779559606413_ow8bfnl8rd.jpg', 1, '2026-05-23 18:06:46'),
	(40, 18, '/uploads/posts/p_1779642038397_o1bf88i8uz9.jpg', 1, '2026-05-24 17:00:38'),
	(41, 18, '/uploads/posts/p_1779642038404_ytoepbg207f.jpg', 1, '2026-05-24 17:00:38'),
	(42, 19, '/uploads/posts/p_1780754997448_brhur019v8o.jpg', 1, '2026-06-06 14:09:57'),
	(43, 20, '/uploads/posts/p_1780755033238_ev7xuzzck9n.jpg', 1, '2026-06-06 14:10:33'),
	(44, 20, '/uploads/posts/p_1780755033240_vmea74b5fgc.jpg', 1, '2026-06-06 14:10:33'),
	(45, 21, '/uploads/posts/p_1780849393645_93le4nli2s.jpg', 1, '2026-06-07 16:23:13'),
	(46, 21, '/uploads/posts/p_1780849393675_zhtztisvxas.jpg', 1, '2026-06-07 16:23:13'),
	(47, 21, '/uploads/posts/p_1780849393685_zzyreh6mpas.jpg', 1, '2026-06-07 16:23:13'),
	(48, 22, '/uploads/posts/p_1780849541577_u4igtw5kbmm.jpg', 1, '2026-06-07 16:25:41'),
	(49, 22, '/uploads/posts/p_1780849541639_ee4p87zdldr.jpg', 1, '2026-06-07 16:25:41'),
	(50, 22, '/uploads/posts/p_1780849541669_z42tzwmpu1.jpg', 1, '2026-06-07 16:25:41'),
	(51, 22, '/uploads/posts/p_1780849541696_607edilghxr.jpg', 1, '2026-06-07 16:25:41'),
	(52, 23, '/uploads/posts/p_1780849786949_osksl0d0ug.jpg', 1, '2026-06-07 16:29:47'),
	(53, 23, '/uploads/posts/p_1780849787177_5x604om7hnb.jpg', 1, '2026-06-07 16:29:47'),
	(54, 23, '/uploads/posts/p_1780849787187_xlly7mv7poj.jpg', 1, '2026-06-07 16:29:47'),
	(55, 24, '/uploads/posts/p_1780851320133_vz1c44sqzu.jpg', 1, '2026-06-07 16:55:20'),
	(56, 24, '/uploads/posts/p_1780851320136_95lmklrlvc7.jpg', 1, '2026-06-07 16:55:20'),
	(57, 24, '/uploads/posts/p_1780851320139_s9v2iu08ng.jpg', 1, '2026-06-07 16:55:20'),
	(58, 24, '/uploads/posts/p_1780851320142_y9lpothis2.jpg', 1, '2026-06-07 16:55:20'),
	(59, 25, '/uploads/posts/p_1780851476167_heagx1ne0x9.jpg', 1, '2026-06-07 16:57:56'),
	(60, 25, '/uploads/posts/p_1780851476170_24u6f7cz8n7.jpg', 1, '2026-06-07 16:57:56'),
	(61, 25, '/uploads/posts/p_1780851476173_dglk6onasje.jpg', 1, '2026-06-07 16:57:56'),
	(62, 26, '/uploads/posts/p_1780852284734_h55ly2sozpr.jpg', 1, '2026-06-07 17:11:24'),
	(63, 26, '/uploads/posts/p_1780852284739_ybmxxhrx19.jpg', 1, '2026-06-07 17:11:24'),
	(64, 26, '/uploads/posts/p_1780852284741_h7t0kxkoonf.jpg', 1, '2026-06-07 17:11:24'),
	(65, 26, '/uploads/posts/p_1780852284764_zosb3kefrmi.jpg', 1, '2026-06-07 17:11:24'),
	(66, 27, '/uploads/posts/p_1780852351507_yyhfv0xvnwo.jpg', 1, '2026-06-07 17:12:31'),
	(67, 27, '/uploads/posts/p_1780852351510_4qofpqh3dic.jpg', 1, '2026-06-07 17:12:31'),
	(68, 28, '/uploads/posts/p_1780852399169_q3xpt2elp9.jpg', 1, '2026-06-07 17:13:19'),
	(69, 28, '/uploads/posts/p_1780852399171_4w6f2jppo03.jpg', 1, '2026-06-07 17:13:19'),
	(70, 29, '/uploads/posts/p_1780853600517_kdlpjchxfss.jpg', 1, '2026-06-07 17:33:20'),
	(71, 29, '/uploads/posts/p_1780853600521_ogfgz2cd1c.jpg', 1, '2026-06-07 17:33:20'),
	(72, 29, '/uploads/posts/p_1780853600528_vxuv5hwnc7.jpg', 1, '2026-06-07 17:33:20'),
	(73, 29, '/uploads/posts/p_1780853600551_lqs5s42etiq.jpg', 1, '2026-06-07 17:33:20'),
	(74, 30, '/uploads/posts/p_1780853803353_zj5hvlkttc.jpg', 1, '2026-06-07 17:36:43'),
	(75, 30, '/uploads/posts/p_1780853803356_fu46679vvwo.jpg', 1, '2026-06-07 17:36:43'),
	(76, 30, '/uploads/posts/p_1780853803359_b6q4ff8iya.jpg', 1, '2026-06-07 17:36:43'),
	(77, 30, '/uploads/posts/p_1780853803373_c6rgfn2l2ln.jpg', 1, '2026-06-07 17:36:43'),
	(78, 31, '/uploads/posts/p_1780854143162_xj3870oblzc.jpg', 1, '2026-06-07 17:42:23'),
	(79, 31, '/uploads/posts/p_1780854143169_pq7kat2fjjr.jpg', 1, '2026-06-07 17:42:23'),
	(80, 31, '/uploads/posts/p_1780854143203_z834bpxfnqn.jpg', 1, '2026-06-07 17:42:23'),
	(81, 32, '/uploads/posts/p_1780854371575_y6d4lwpwsnp.jpg', 1, '2026-06-07 17:46:11'),
	(82, 32, '/uploads/posts/p_1780854371578_y43zczsd43.jpg', 1, '2026-06-07 17:46:11'),
	(83, 32, '/uploads/posts/p_1780854371580_e1htz1wev6.jpg', 1, '2026-06-07 17:46:11'),
	(84, 32, '/uploads/posts/p_1780854371598_94pogbjsgbp.jpg', 1, '2026-06-07 17:46:11'),
	(85, 33, '/uploads/posts/p_1780854926028_vkp13c5d8qe.jpg', 1, '2026-06-07 17:55:26'),
	(86, 33, '/uploads/posts/p_1780854926036_ai4yx2ic4n8.jpg', 1, '2026-06-07 17:55:26'),
	(87, 33, '/uploads/posts/p_1780854926039_itzdnwkzmt.jpg', 1, '2026-06-07 17:55:26'),
	(88, 34, '/uploads/posts/p_1780855005664_nbi208f4zj.jpg', 1, '2026-06-07 17:56:45'),
	(89, 34, '/uploads/posts/p_1780855005666_cyh85trkjk6.jpg', 1, '2026-06-07 17:56:45'),
	(90, 35, '/uploads/posts/p_1780855229466_auts8ig9g9.jpg', 1, '2026-06-07 18:00:29'),
	(91, 35, '/uploads/posts/p_1780855229469_3u0ieono5fm.jpg', 1, '2026-06-07 18:00:29'),
	(92, 35, '/uploads/posts/p_1780855229490_dgzzquadf96.jpg', 1, '2026-06-07 18:00:29'),
	(93, 35, '/uploads/posts/p_1780855229492_3p50hjroq6g.jpg', 1, '2026-06-07 18:00:29'),
	(94, 35, '/uploads/posts/p_1780855229496_dkanzi48yq9.jpg', 1, '2026-06-07 18:00:29'),
	(95, 36, '/uploads/posts/p_1780855562788_3vjtglrjvz7.jpg', 1, '2026-06-07 18:06:02'),
	(96, 36, '/uploads/posts/p_1780855562790_n9ktvwp7gae.jpg', 1, '2026-06-07 18:06:02'),
	(97, 36, '/uploads/posts/p_1780855562793_x18s0m86g5.jpg', 1, '2026-06-07 18:06:02'),
	(98, 36, '/uploads/posts/p_1780855562814_bhm8f4j7m3q.jpg', 1, '2026-06-07 18:06:02'),
	(99, 36, '/uploads/posts/p_1780855562816_rj11ic4pkib.jpg', 1, '2026-06-07 18:06:02'),
	(100, 37, '/uploads/posts/p_1780855886967_ba0k8i9nr1c.jpg', 1, '2026-06-07 18:11:26'),
	(101, 37, '/uploads/posts/p_1780855886970_jnjxgx8wnt.jpg', 1, '2026-06-07 18:11:26'),
	(102, 37, '/uploads/posts/p_1780855886974_bo3fz0rvg4w.jpg', 1, '2026-06-07 18:11:26'),
	(103, 37, '/uploads/posts/p_1780855886981_r5ty2vaqhus.jpg', 1, '2026-06-07 18:11:26'),
	(104, 38, '/uploads/posts/p_1780856018060_8g2ntbsw9ix.jpg', 1, '2026-06-07 18:13:38'),
	(105, 38, '/uploads/posts/p_1780856018062_kdooxo7g6vh.jpg', 1, '2026-06-07 18:13:38'),
	(106, 38, '/uploads/posts/p_1780856018065_w3718li1ezb.jpg', 1, '2026-06-07 18:13:38'),
	(107, 38, '/uploads/posts/p_1780856018084_6lfrjg2aqfg.jpg', 1, '2026-06-07 18:13:38'),
	(108, 39, '/uploads/posts/p_1780856136105_2dsk6dh4lep.jpg', 1, '2026-06-07 18:15:36'),
	(109, 39, '/uploads/posts/p_1780856136106_vun41ulwjf.jpg', 1, '2026-06-07 18:15:36'),
	(110, 40, '/uploads/posts/p_1780856444188_miwwn0hz80e.jpg', 1, '2026-06-07 18:20:44'),
	(111, 40, '/uploads/posts/p_1780856444190_jt88j2zbmgc.jpg', 1, '2026-06-07 18:20:44'),
	(112, 40, '/uploads/posts/p_1780856444192_gqf4n892ii5.jpg', 1, '2026-06-07 18:20:44'),
	(113, 40, '/uploads/posts/p_1780856444332_99frjiw31r4.jpg', 1, '2026-06-07 18:20:44'),
	(114, 41, '/uploads/posts/p_1780856779020_xn2rjv89lop.jpg', 1, '2026-06-07 18:26:19'),
	(115, 41, '/uploads/posts/p_1780856779031_b0c9th0emf.jpg', 1, '2026-06-07 18:26:19'),
	(116, 41, '/uploads/posts/p_1780856779077_7y6lucc9iay.jpg', 1, '2026-06-07 18:26:19'),
	(117, 41, '/uploads/posts/p_1780856779130_v8mznc0z4ke.jpg', 1, '2026-06-07 18:26:19'),
	(118, 41, '/uploads/posts/p_1780856779155_7grq8fwnc4f.jpg', 1, '2026-06-07 18:26:19'),
	(119, 42, '/uploads/posts/p_1780856866604_u60vx5xo8e.jpg', 1, '2026-06-07 18:27:46'),
	(120, 42, '/uploads/posts/p_1780856866606_yscv80pwzzq.jpg', 1, '2026-06-07 18:27:46'),
	(121, 42, '/uploads/posts/p_1780856866608_4iluhl8gr94.jpg', 1, '2026-06-07 18:27:46'),
	(122, 42, '/uploads/posts/p_1780856866610_x6zx7iiha5.jpg', 1, '2026-06-07 18:27:46'),
	(123, 42, '/uploads/posts/p_1780856866611_7k7wi81bqz7.jpg', 1, '2026-06-07 18:27:46'),
	(124, 43, '/uploads/posts/p_1780856955663_t4qtljer7hq.jpg', 1, '2026-06-07 18:29:15'),
	(125, 43, '/uploads/posts/p_1780856955673_s5gtnj7brhk.jpg', 1, '2026-06-07 18:29:15'),
	(126, 43, '/uploads/posts/p_1780856955693_a9aenuyv776.jpg', 1, '2026-06-07 18:29:15'),
	(127, 43, '/uploads/posts/p_1780856955732_w2wrn6gxhp.jpg', 1, '2026-06-07 18:29:15'),
	(128, 43, '/uploads/posts/p_1780856955744_rqp9ponnra.jpg', 1, '2026-06-07 18:29:15'),
	(129, 44, '/uploads/posts/p_1780857085097_20wk7bfpp3a.jpg', 1, '2026-06-07 18:31:25'),
	(130, 44, '/uploads/posts/p_1780857085116_l3f6qoor3jr.jpg', 1, '2026-06-07 18:31:25'),
	(131, 44, '/uploads/posts/p_1780857085119_s7tmx5cw8h.jpg', 1, '2026-06-07 18:31:25'),
	(132, 45, '/uploads/posts/p_1780857382881_a727d01x61.jpg', 1, '2026-06-07 18:36:23'),
	(133, 45, '/uploads/posts/p_1780857382884_ejnqtu63iz.jpg', 1, '2026-06-07 18:36:23'),
	(134, 45, '/uploads/posts/p_1780857382887_iiclcuvcey.jpg', 1, '2026-06-07 18:36:23'),
	(135, 45, '/uploads/posts/p_1780857382890_7b1buu5bbh9.jpg', 1, '2026-06-07 18:36:23'),
	(136, 45, '/uploads/posts/p_1780857382895_qlddfe5crb.jpg', 1, '2026-06-07 18:36:23'),
	(137, 46, '/uploads/posts/p_1780857618043_n4cvsx7u19.jpg', 1, '2026-06-07 18:40:18'),
	(138, 46, '/uploads/posts/p_1780857618068_dnhho3cfx2w.jpg', 1, '2026-06-07 18:40:18'),
	(139, 46, '/uploads/posts/p_1780857618070_5byfrhzl4uj.jpg', 1, '2026-06-07 18:40:18'),
	(140, 46, '/uploads/posts/p_1780857618074_q52ml9qju2k.jpg', 1, '2026-06-07 18:40:18'),
	(141, 46, '/uploads/posts/p_1780857618077_j4144winvn.jpg', 1, '2026-06-07 18:40:18'),
	(142, 46, '/uploads/posts/p_1780857618082_z0c20thacs.jpg', 1, '2026-06-07 18:40:18'),
	(143, 47, '/uploads/posts/p_1780858039746_60a6nrrcl3n.jpg', 1, '2026-06-07 18:47:19'),
	(144, 47, '/uploads/posts/p_1780858039751_555pb7yl326.jpg', 1, '2026-06-07 18:47:19'),
	(145, 47, '/uploads/posts/p_1780858039753_w0nfg4kv60b.jpg', 1, '2026-06-07 18:47:19'),
	(146, 47, '/uploads/posts/p_1780858039755_fiusfda4qdf.jpg', 1, '2026-06-07 18:47:19'),
	(147, 48, '/uploads/posts/p_1780858176548_33ubszc0deq.jpg', 1, '2026-06-07 18:49:36'),
	(148, 48, '/uploads/posts/p_1780858176551_7qudgeqbjgf.jpg', 1, '2026-06-07 18:49:36'),
	(149, 48, '/uploads/posts/p_1780858176552_hhtvww2ppzk.jpg', 1, '2026-06-07 18:49:36'),
	(150, 48, '/uploads/posts/p_1780858176554_lde0lzahlql.jpg', 1, '2026-06-07 18:49:36'),
	(151, 49, '/uploads/posts/p_1780858545191_fteyymryd9o.jpg', 1, '2026-06-07 18:55:45'),
	(152, 49, '/uploads/posts/p_1780858545194_2twup3gj3yn.jpg', 1, '2026-06-07 18:55:45'),
	(153, 49, '/uploads/posts/p_1780858545197_iznqi2emhcd.jpg', 1, '2026-06-07 18:55:45'),
	(154, 49, '/uploads/posts/p_1780858545239_x3h4phszdz.jpg', 1, '2026-06-07 18:55:45'),
	(155, 50, '/uploads/posts/p_1780858657711_0mb9wau5x8de.jpg', 1, '2026-06-07 18:57:37'),
	(156, 50, '/uploads/posts/p_1780858657729_gd00ha27r4b.jpg', 1, '2026-06-07 18:57:37'),
	(157, 50, '/uploads/posts/p_1780858657731_gslnywd049g.jpg', 1, '2026-06-07 18:57:37'),
	(158, 50, '/uploads/posts/p_1780858657739_53toxkuzfjr.jpg', 1, '2026-06-07 18:57:37'),
	(159, 50, '/uploads/posts/p_1780858657742_2hh78sjyxda.jpg', 1, '2026-06-07 18:57:37'),
	(160, 51, '/uploads/posts/p_1780873486019_yc324v73z5r.jpg', 1, '2026-06-07 23:04:46'),
	(161, 52, '/uploads/posts/p_1780873505582_zf63qy9u6m.jpg', 1, '2026-06-07 23:05:05'),
	(162, 53, '/uploads/posts/p_1780873522965_1k3fee3hw1qh.jpg', 1, '2026-06-07 23:05:22'),
	(163, 54, '/uploads/posts/p_1780873538513_2lojppugo4.jpg', 1, '2026-06-07 23:05:38'),
	(164, 55, '/uploads/posts/p_1780873554677_wctv9ig7sc.jpg', 1, '2026-06-07 23:05:54'),
	(165, 56, '/uploads/posts/p_1780873819568_eg8mka4a8ej.jpg', 1, '2026-06-07 23:10:19'),
	(166, 56, '/uploads/posts/p_1780873819570_tbr0a6l6czm.jpg', 1, '2026-06-07 23:10:19'),
	(167, 56, '/uploads/posts/p_1780873819577_vk58sxll5h.jpg', 1, '2026-06-07 23:10:19'),
	(168, 57, '/uploads/posts/p_1780873891693_w78j1zl9lrd.jpg', 1, '2026-06-07 23:11:31'),
	(169, 57, '/uploads/posts/p_1780873891697_6goiy65eoj7.jpg', 1, '2026-06-07 23:11:31'),
	(170, 57, '/uploads/posts/p_1780873891700_rqa10s3iio.jpg', 1, '2026-06-07 23:11:31'),
	(171, 58, '/uploads/posts/p_1780874153945_gu7pn83slin.jpg', 1, '2026-06-07 23:15:54'),
	(172, 58, '/uploads/posts/p_1780874153949_kcz9n6kxo1r.jpg', 1, '2026-06-07 23:15:54'),
	(173, 58, '/uploads/posts/p_1780874153955_aqdf3t20pl.jpg', 1, '2026-06-07 23:15:54'),
	(174, 59, '/uploads/posts/p_1780874375466_rsco28rh9e.jpg', 1, '2026-06-07 23:19:35'),
	(175, 59, '/uploads/posts/p_1780874375469_230srmub8hb.jpg', 1, '2026-06-07 23:19:35'),
	(176, 60, '/uploads/posts/p_1780874493698_dkuxba5nxwt.jpg', 1, '2026-06-07 23:21:33'),
	(177, 60, '/uploads/posts/p_1780874493702_gu9ltfb9745.jpg', 1, '2026-06-07 23:21:33'),
	(178, 60, '/uploads/posts/p_1780874493707_a5ynt91qtm.jpg', 1, '2026-06-07 23:21:33'),
	(179, 60, '/uploads/posts/p_1780874493713_wjmudppnjsa.jpg', 1, '2026-06-07 23:21:33');

-- Volcando estructura para tabla phototop.post_comments
CREATE TABLE IF NOT EXISTS `post_comments` (
  `id` int NOT NULL AUTO_INCREMENT,
  `post_id` int NOT NULL,
  `user_id` int NOT NULL,
  `comment` text NOT NULL,
  `active` tinyint(1) NOT NULL DEFAULT '1',
  `created_at` datetime NOT NULL DEFAULT CURRENT_TIMESTAMP,
  `updated_at` datetime NOT NULL DEFAULT CURRENT_TIMESTAMP ON UPDATE CURRENT_TIMESTAMP,
  `deleted_at` datetime DEFAULT NULL,
  PRIMARY KEY (`id`),
  KEY `idx_post_comments_post_id` (`post_id`),
  KEY `idx_post_comments_user_id` (`user_id`),
  KEY `idx_post_comments_active` (`active`),
  KEY `idx_post_comments_created_at` (`created_at`),
  CONSTRAINT `fk_post_comments_post` FOREIGN KEY (`post_id`) REFERENCES `posts` (`id`),
  CONSTRAINT `fk_post_comments_user` FOREIGN KEY (`user_id`) REFERENCES `users` (`id`)
) ENGINE=InnoDB AUTO_INCREMENT=16 DEFAULT CHARSET=utf8mb4 COLLATE=utf8mb4_0900_ai_ci;

-- Volcando datos para la tabla phototop.post_comments: ~8 rows (aproximadamente)
INSERT INTO `post_comments` (`id`, `post_id`, `user_id`, `comment`, `active`, `created_at`, `updated_at`, `deleted_at`) VALUES
	(1, 14, 6, 'El comentario a la boda del año.', 1, '2026-04-19 14:17:13', '2026-04-19 14:51:43', NULL),
	(2, 14, 6, 'Segundo comentario a la boda del año', 0, '2026-04-19 14:17:29', '2026-04-19 14:53:12', '2026-04-19 14:53:12'),
	(3, 11, 3, 'Hola', 0, '2026-04-19 15:43:40', '2026-04-19 18:28:37', '2026-04-19 18:28:37'),
	(4, 11, 3, 'holi', 1, '2026-04-19 18:28:43', '2026-04-19 18:28:43', NULL),
	(5, 8, 3, 'Me has robado la foto', 1, '2026-04-24 20:55:46', '2026-04-24 20:55:46', NULL),
	(6, 11, 3, 'Me sacaste una gran foto', 1, '2026-06-06 13:16:18', '2026-06-06 13:20:20', NULL),
	(7, 20, 13, 'Buen paisaje', 1, '2026-06-06 16:10:46', '2026-06-06 16:10:46', NULL),
	(8, 20, 3, 'Hola me gusta tu foto es chulisima', 0, '2026-06-06 16:12:14', '2026-06-06 16:12:27', '2026-06-06 16:12:27'),
	(9, 17, 6, 'Prueba', 1, '2026-06-06 17:53:57', '2026-06-06 17:53:57', NULL),
	(10, 50, 8, 'Precioso, gran arquitectura.', 1, '2026-06-07 23:31:29', '2026-06-07 23:31:29', NULL),
	(11, 48, 8, 'Precioso', 1, '2026-06-07 23:32:00', '2026-06-07 23:32:00', NULL),
	(12, 45, 8, 'Que fotazas', 1, '2026-06-07 23:32:39', '2026-06-07 23:32:39', NULL),
	(13, 29, 8, 'Bonito reportaje, las fotos son perfectas', 1, '2026-06-07 23:54:51', '2026-06-07 23:54:51', NULL),
	(14, 25, 14, 'Que partido estuvo super emocionante, increíbles fotos', 1, '2026-06-08 00:07:15', '2026-06-08 00:07:38', NULL),
	(15, 24, 14, 'Partidazo, sigue así', 1, '2026-06-08 00:08:07', '2026-06-08 00:08:07', NULL);

-- Volcando estructura para tabla phototop.posts
CREATE TABLE IF NOT EXISTS `posts` (
  `id` int NOT NULL AUTO_INCREMENT,
  `user_id` int NOT NULL,
  `category_id` int DEFAULT NULL,
  `title` varchar(100) CHARACTER SET utf8mb4 COLLATE utf8mb4_general_ci NOT NULL,
  `description` text CHARACTER SET utf8mb4 COLLATE utf8mb4_general_ci,
  `active` tinyint(1) NOT NULL DEFAULT '1',
  `created_at` timestamp NULL DEFAULT CURRENT_TIMESTAMP,
  `updated_at` timestamp NULL DEFAULT CURRENT_TIMESTAMP ON UPDATE CURRENT_TIMESTAMP,
  `deleted_at` timestamp NULL DEFAULT NULL,
  PRIMARY KEY (`id`),
  KEY `FK_posts_user` (`user_id`),
  KEY `fk_posts_category` (`category_id`),
  CONSTRAINT `fk_posts_category` FOREIGN KEY (`category_id`) REFERENCES `categories` (`id`) ON DELETE SET NULL ON UPDATE CASCADE,
  CONSTRAINT `FK_posts_user` FOREIGN KEY (`user_id`) REFERENCES `users` (`id`) ON DELETE CASCADE
) ENGINE=InnoDB AUTO_INCREMENT=61 DEFAULT CHARSET=utf8mb4 COLLATE=utf8mb4_general_ci;

-- Volcando datos para la tabla phototop.posts: ~28 rows (aproximadamente)
INSERT INTO `posts` (`id`, `user_id`, `category_id`, `title`, `description`, `active`, `created_at`, `updated_at`, `deleted_at`) VALUES
	(1, 6, 6, 'prueba', 'Descripción pruebaaaa', 0, '2026-03-12 16:57:19', '2026-04-24 17:43:59', '2026-03-12 18:12:36'),
	(2, 6, 7, 'Bodita', 'Descripción', 0, '2026-03-12 18:21:19', '2026-06-07 17:30:09', '2026-06-07 17:30:09'),
	(3, 6, 7, 'Boda doble', 'Descripción boda 2', 0, '2026-03-12 18:22:29', '2026-06-07 17:30:13', '2026-06-07 17:30:13'),
	(4, 7, 7, 'Prueba', 'Descripción prueba Boda', 0, '2026-03-12 18:37:23', '2026-06-07 17:04:54', '2026-06-07 17:04:54'),
	(5, 3, 7, 'BodaTitulo', 'Descripción boda', 0, '2026-03-13 11:18:19', '2026-06-06 11:37:58', '2026-06-06 11:37:58'),
	(6, 3, 1, 'prueba', 'Descripción a', 0, '2026-03-13 11:19:37', '2026-06-07 17:07:45', '2026-06-07 17:07:45'),
	(7, 8, 1, 'Prueba', 'Descripción', 0, '2026-03-13 11:23:52', '2026-06-07 18:18:11', '2026-06-07 18:18:11'),
	(8, 11, 7, 'Prueba', 'Descripción de prueba', 0, '2026-03-13 18:55:29', '2026-06-07 18:33:46', '2026-06-07 18:33:46'),
	(9, 6, 8, 'Prueba 3 imagenes', 'Descripción Prueba 3 imagenes', 0, '2026-04-18 09:57:07', '2026-06-07 17:30:23', '2026-06-07 17:30:23'),
	(10, 6, 3, 'post 1 foto', 'descripción 1 foto', 0, '2026-04-18 09:58:58', '2026-06-07 17:30:26', '2026-06-07 17:30:26'),
	(11, 6, 1, 'retrato 2', 'Descripción retrato 2', 0, '2026-04-18 09:59:30', '2026-06-07 17:30:30', '2026-06-07 17:30:30'),
	(12, 3, 1, '2 retratos', 'Descripción 2 retratos', 0, '2026-04-18 10:20:55', '2026-06-07 17:07:40', '2026-06-07 17:07:40'),
	(13, 3, 7, 'boda', 'Descripción boda', 0, '2026-04-18 10:21:18', '2026-06-07 17:07:25', '2026-06-07 17:07:25'),
	(14, 3, 7, 'Título', 'Esto es una descripción de prueba para la boda', 0, '2026-04-18 10:21:42', '2026-06-07 17:07:13', '2026-06-07 17:07:13'),
	(15, 3, 1, 'a', 'Descripcióna', 0, '2026-04-18 10:58:59', '2026-06-07 17:07:05', '2026-06-07 17:07:05'),
	(16, 3, 7, 'Sesión de boda', 'Reportaje fotográfico realizado en exteriores', 0, '2026-05-23 17:58:29', '2026-05-23 18:06:10', '2026-05-23 18:06:10'),
	(17, 3, 7, 'Sesión de boda', 'Reportaje fotográfico realizado en exteriores', 0, '2026-05-23 18:06:46', '2026-06-07 17:06:59', '2026-06-07 17:06:59'),
	(18, 3, 7, 'Sesión de boda', 'Reportaje fotográfico realizado en exteriores', 1, '2026-05-24 17:00:38', '2026-05-24 17:00:38', NULL),
	(19, 13, 4, 'Cantabria', 'Paisaje cantabria', 0, '2026-06-06 14:09:57', '2026-06-06 14:10:07', '2026-06-06 14:10:07'),
	(20, 13, 4, 'Cantabria', 'Paisaje cantabria', 0, '2026-06-06 14:10:33', '2026-06-07 18:54:08', '2026-06-07 18:54:08'),
	(21, 14, 6, 'Campeonato de Cantabria 2026', 'Reportaje sacado del campeonato de España de 2026 en Cantabria', 1, '2026-06-07 16:23:13', '2026-06-07 16:23:13', NULL),
	(22, 14, 6, 'Campeonato de Asturias 2026', 'Reportaje sacado del campeonato de España de 2026 en Asturias', 1, '2026-06-07 16:25:41', '2026-06-07 16:25:41', NULL),
	(23, 14, 6, 'Campeonato de Galicia 2026', 'Reportaje sacado del campeonato de España de 2026 en Galicia', 1, '2026-06-07 16:29:47', '2026-06-07 16:29:47', NULL),
	(24, 15, 6, 'Buffalo Bills vs Miami Dolphins', 'Partido de liga NFL 2026 Buffalo Bills vs Miami Dolphins', 1, '2026-06-07 16:55:20', '2026-06-07 16:55:20', NULL),
	(25, 15, 6, 'New England Patriots vs New York Jets', 'Partido de liga NFL 2026 New England Patriots vs New York Jets', 1, '2026-06-07 16:57:56', '2026-06-07 16:57:56', NULL),
	(26, 3, 7, 'Boda Marta y Rubén', 'Reportaje de Boda Marta y Rubén', 1, '2026-06-07 17:11:24', '2026-06-07 17:11:24', NULL),
	(27, 3, 7, 'Boda Álvaro y Rosa', 'Reportaje de boda Álvaro y Rosa', 1, '2026-06-07 17:12:31', '2026-06-07 17:12:31', NULL),
	(28, 3, 7, 'Boda de María y Jesus', 'Reportaje de boda de María y Jesus', 1, '2026-06-07 17:13:19', '2026-06-07 17:13:19', NULL),
	(29, 6, 7, 'Gisa y José', 'Reportaje de boda de Gisa y José', 1, '2026-06-07 17:33:20', '2026-06-07 17:33:20', NULL),
	(30, 6, 4, 'El bosque', 'Fotografías de bosques recopiladas de 2026', 1, '2026-06-07 17:36:43', '2026-06-07 17:36:43', NULL),
	(31, 9, 4, 'Paisaje Norteño', 'Fotografías sacadas a lo largo de 2026', 1, '2026-06-07 17:42:23', '2026-06-07 17:42:23', NULL),
	(32, 9, 2, 'Moda 2026', 'Sesiones de Moda 2026', 1, '2026-06-07 17:46:11', '2026-06-07 17:46:11', NULL),
	(33, 4, 1, 'Contraste', 'Reportaje en blanco y negro', 1, '2026-06-07 17:55:26', '2026-06-07 17:55:26', NULL),
	(34, 4, 1, 'Reportajes 2026', 'Reportajes 2026', 1, '2026-06-07 17:56:45', '2026-06-07 17:56:45', NULL),
	(35, 5, 1, 'Azul', 'Ojos azules', 1, '2026-06-07 18:00:29', '2026-06-07 18:00:29', NULL),
	(36, 5, 1, 'Marrón', 'Ojos marrones', 1, '2026-06-07 18:06:02', '2026-06-07 18:06:02', NULL),
	(37, 7, 1, 'Sesión de fotos', 'Sesión de fotos Reza Shahriari', 0, '2026-06-07 18:11:26', '2026-06-07 18:11:48', '2026-06-07 18:11:48'),
	(38, 7, 2, 'París 2026', 'Desfile París 2026', 1, '2026-06-07 18:13:38', '2026-06-07 18:13:38', NULL),
	(39, 7, 2, 'Sesión en la playa', 'Sesión en la playa 2026', 1, '2026-06-07 18:15:36', '2026-06-07 18:15:36', NULL),
	(40, 8, 7, 'Karen y Francisco', 'Boda de Karen y Francisco', 1, '2026-06-07 18:20:44', '2026-06-07 18:20:44', NULL),
	(41, 10, NULL, 'El bosque', 'Colaboración con Ripley Elisabeth Brown', 0, '2026-06-07 18:26:19', '2026-06-07 18:28:45', '2026-06-07 18:28:45'),
	(42, 10, 3, 'Arizona', 'Reportaje de Arizona', 1, '2026-06-07 18:27:46', '2026-06-07 18:27:46', NULL),
	(43, 10, 3, 'Setongas', 'Colaboración con Ripley Elisabeth Brown', 1, '2026-06-07 18:29:15', '2026-06-07 18:29:15', NULL),
	(44, 10, 4, 'Pájaro azul', 'Pájaro azul en una rama', 1, '2026-06-07 18:31:25', '2026-06-07 18:31:25', NULL),
	(45, 11, 5, 'Caracol', 'Escaleras de caracol', 1, '2026-06-07 18:36:23', '2026-06-07 18:36:23', NULL),
	(46, 11, 3, 'Sesión en el desierto de Arizona', 'Sesión en el desierto de Arizona', 1, '2026-06-07 18:40:18', '2026-06-07 18:40:18', NULL),
	(47, 12, 5, 'Tokio', 'Ciudad de Tokio', 1, '2026-06-07 18:47:19', '2026-06-07 18:47:19', NULL),
	(48, 12, 5, 'Aliyev Centre', 'Aliyev Centre', 1, '2026-06-07 18:49:36', '2026-06-07 18:49:36', NULL),
	(49, 13, 3, 'Atardecer', 'Bosque', 1, '2026-06-07 18:55:45', '2026-06-07 18:55:45', NULL),
	(50, 13, 5, 'Axel Towers', 'Axel Towers', 1, '2026-06-07 18:57:37', '2026-06-07 18:57:37', NULL),
	(51, 6, 7, 'a', 'a', 0, '2026-06-07 23:04:46', '2026-06-07 23:07:22', '2026-06-07 23:07:22'),
	(52, 6, 7, 'b', 'b', 0, '2026-06-07 23:05:05', '2026-06-07 23:07:19', '2026-06-07 23:07:19'),
	(53, 6, 7, 'c', 'c', 0, '2026-06-07 23:05:22', '2026-06-07 23:07:15', '2026-06-07 23:07:15'),
	(54, 6, 7, 'd', 'd', 0, '2026-06-07 23:05:38', '2026-06-07 23:07:11', '2026-06-07 23:07:11'),
	(55, 6, 7, 'e', 'e', 0, '2026-06-07 23:05:54', '2026-06-07 23:07:08', '2026-06-07 23:07:08'),
	(56, 6, 7, 'Boda Marta y Dani', 'Reportaje de boda de Marta y Dani', 1, '2026-06-07 23:10:19', '2026-06-07 23:10:19', NULL),
	(57, 6, 7, 'Boda Juan y Rocío', 'Reportaje de boda de Juan y Rocío', 1, '2026-06-07 23:11:31', '2026-06-07 23:11:31', NULL),
	(58, 6, 7, 'Boda de Nuria y Ricardo', 'Reportaje de Boda de Nuria y Ricardo', 1, '2026-06-07 23:15:54', '2026-06-07 23:15:54', NULL),
	(59, 6, 7, 'Boda de Jorge y Jenifer', 'Reportaje de boda de Jorge y Jenifer', 1, '2026-06-07 23:19:35', '2026-06-07 23:19:35', NULL),
	(60, 6, 7, 'Boda Cristina y Javier', 'Reportaje de boda de Cristina y Javier', 1, '2026-06-07 23:21:33', '2026-06-07 23:21:33', NULL);

-- Volcando estructura para tabla phototop.provinces
CREATE TABLE IF NOT EXISTS `provinces` (
  `id` int NOT NULL AUTO_INCREMENT,
  `name` varchar(30) CHARACTER SET utf8mb4 COLLATE utf8mb4_general_ci DEFAULT NULL,
  `active` tinyint(1) NOT NULL DEFAULT '1',
  PRIMARY KEY (`id`)
) ENGINE=InnoDB AUTO_INCREMENT=53 DEFAULT CHARSET=utf8mb4 COLLATE=utf8mb4_general_ci;

-- Volcando datos para la tabla phototop.provinces: ~0 rows (aproximadamente)
INSERT INTO `provinces` (`id`, `name`, `active`) VALUES
	(1, 'Álava', 1),
	(2, 'Albacete', 1),
	(3, 'Alicante', 1),
	(4, 'Almería', 1),
	(5, 'Asturias', 1),
	(6, 'Ávila', 1),
	(7, 'Badajoz', 1),
	(8, 'Barcelona', 1),
	(9, 'Burgos', 1),
	(10, 'Cáceres', 1),
	(11, 'Cádiz', 1),
	(12, 'Cantabria', 1),
	(13, 'Castellón', 1),
	(14, 'Ceuta', 1),
	(15, 'Ciudad Real', 1),
	(16, 'Córdoba', 1),
	(17, 'Cuenca', 1),
	(18, 'Gerona', 1),
	(19, 'Granada', 1),
	(20, 'Guadalajara', 1),
	(21, 'Guipúzcoa', 1),
	(22, 'Huelva', 1),
	(23, 'Huesca', 1),
	(24, 'Islas Baleares', 1),
	(25, 'Jaén', 1),
	(26, 'La Coruña', 1),
	(27, 'La Rioja', 1),
	(28, 'Las Palmas', 1),
	(29, 'León', 1),
	(30, 'Lérida', 1),
	(31, 'Lugo', 1),
	(32, 'Madrid', 1),
	(33, 'Málaga', 1),
	(34, 'Melilla', 1),
	(35, 'Murcia', 1),
	(36, 'Navarra', 1),
	(37, 'Orense', 1),
	(38, 'Palencia', 1),
	(39, 'Pontevedra', 1),
	(40, 'Salamanca', 1),
	(41, 'Santa Cruz de Tenerife', 1),
	(42, 'Segovia', 1),
	(43, 'Sevilla', 1),
	(44, 'Soria', 1),
	(45, 'Tarragona', 1),
	(46, 'Teruel', 1),
	(47, 'Toledo', 1),
	(48, 'Valencia', 1),
	(49, 'Valladolid', 1),
	(50, 'Vizcaya', 1),
	(51, 'Zamora', 1),
	(52, 'Zaragoza', 1);

-- Volcando estructura para tabla phototop.ratings
CREATE TABLE IF NOT EXISTS `ratings` (
  `id` int NOT NULL AUTO_INCREMENT,
  `user_id` int NOT NULL,
  `post_id` int NOT NULL,
  `rating` decimal(2,1) NOT NULL,
  `active` tinyint(1) NOT NULL DEFAULT '1',
  `created_at` timestamp NULL DEFAULT CURRENT_TIMESTAMP,
  `updated_at` timestamp NULL DEFAULT CURRENT_TIMESTAMP ON UPDATE CURRENT_TIMESTAMP,
  `deleted_at` timestamp NULL DEFAULT NULL,
  PRIMARY KEY (`id`),
  UNIQUE KEY `uq_user_post` (`user_id`,`post_id`),
  KEY `post_id` (`post_id`),
  CONSTRAINT `ratings_ibfk_1` FOREIGN KEY (`user_id`) REFERENCES `users` (`id`) ON DELETE CASCADE,
  CONSTRAINT `ratings_ibfk_2` FOREIGN KEY (`post_id`) REFERENCES `posts` (`id`) ON DELETE CASCADE
) ENGINE=InnoDB AUTO_INCREMENT=117 DEFAULT CHARSET=utf8mb4 COLLATE=utf8mb4_general_ci;

-- Volcando datos para la tabla phototop.ratings: ~20 rows (aproximadamente)
INSERT INTO `ratings` (`id`, `user_id`, `post_id`, `rating`, `active`, `created_at`, `updated_at`, `deleted_at`) VALUES
	(1, 3, 10, 5.0, 1, '2026-04-19 13:13:27', '2026-04-20 20:15:24', NULL),
	(2, 3, 11, 5.0, 1, '2026-04-19 13:43:29', '2026-04-24 17:27:13', NULL),
	(3, 3, 9, 5.0, 1, '2026-04-20 20:18:32', '2026-04-20 20:18:32', NULL),
	(4, 3, 3, 5.0, 1, '2026-04-20 20:18:37', '2026-04-20 20:18:37', NULL),
	(5, 3, 2, 5.0, 1, '2026-04-20 20:18:40', '2026-04-20 20:18:49', NULL),
	(6, 3, 8, 3.0, 1, '2026-04-23 18:14:06', '2026-04-23 18:14:06', NULL),
	(7, 3, 4, 4.0, 1, '2026-04-24 16:43:29', '2026-04-24 16:43:29', NULL),
	(8, 11, 4, 5.0, 1, '2026-04-24 18:56:56', '2026-04-24 18:56:56', NULL),
	(9, 1, 12, 3.0, 1, '2026-06-04 11:10:18', '2026-06-04 11:10:18', NULL),
	(10, 6, 12, 4.0, 1, '2026-06-05 11:34:25', '2026-06-05 11:34:27', NULL),
	(11, 6, 8, 5.0, 1, '2026-06-05 12:59:43', '2026-06-05 12:59:43', NULL),
	(12, 6, 17, 5.0, 1, '2026-06-05 13:24:07', '2026-06-05 13:24:07', NULL),
	(13, 1, 17, 4.0, 1, '2026-06-05 16:01:17', '2026-06-05 16:01:17', NULL),
	(14, 3, 20, 4.0, 1, '2026-06-06 14:11:50', '2026-06-06 14:11:50', NULL),
	(15, 6, 18, 5.0, 1, '2026-06-06 15:18:01', '2026-06-06 15:18:01', NULL),
	(16, 11, 11, 4.0, 1, '2026-06-07 11:12:03', '2026-06-07 11:12:03', NULL),
	(17, 11, 10, 4.0, 1, '2026-06-07 11:12:08', '2026-06-07 11:12:08', NULL),
	(18, 11, 9, 4.0, 1, '2026-06-07 11:12:12', '2026-06-07 11:12:12', NULL),
	(19, 11, 3, 1.0, 1, '2026-06-07 11:12:16', '2026-06-07 11:12:16', NULL),
	(20, 11, 2, 1.0, 1, '2026-06-07 11:12:24', '2026-06-07 11:12:24', NULL),
	(21, 8, 50, 4.0, 1, '2026-06-07 21:31:07', '2026-06-07 21:31:07', NULL),
	(22, 8, 28, 5.0, 1, '2026-06-07 21:33:16', '2026-06-07 21:33:16', NULL),
	(23, 8, 26, 5.0, 1, '2026-06-07 21:33:37', '2026-06-07 21:33:37', NULL),
	(24, 8, 18, 3.0, 1, '2026-06-07 21:33:51', '2026-06-07 21:33:51', NULL),
	(25, 8, 27, 3.0, 1, '2026-06-07 21:34:08', '2026-06-07 21:34:08', NULL),
	(26, 8, 29, 5.0, 1, '2026-06-07 21:35:56', '2026-06-07 21:35:56', NULL),
	(27, 3, 50, 3.0, 1, '2026-06-07 21:36:43', '2026-06-07 21:36:43', NULL),
	(28, 3, 49, 4.0, 1, '2026-06-07 21:36:49', '2026-06-07 21:36:49', NULL),
	(29, 3, 30, 5.0, 1, '2026-06-07 21:36:58', '2026-06-07 21:36:58', NULL),
	(30, 3, 29, 4.0, 1, '2026-06-07 21:37:02', '2026-06-07 21:37:02', NULL),
	(31, 3, 48, 4.0, 1, '2026-06-07 21:37:20', '2026-06-07 21:37:20', NULL),
	(32, 3, 47, 4.0, 1, '2026-06-07 21:37:32', '2026-06-07 21:37:32', NULL),
	(33, 3, 44, 4.0, 1, '2026-06-07 21:37:51', '2026-06-07 21:37:51', NULL),
	(34, 3, 43, 4.0, 1, '2026-06-07 21:37:57', '2026-06-07 21:37:57', NULL),
	(35, 3, 42, 5.0, 1, '2026-06-07 21:38:01', '2026-06-07 21:38:01', NULL),
	(36, 3, 31, 5.0, 1, '2026-06-07 21:38:13', '2026-06-07 21:38:13', NULL),
	(37, 3, 32, 2.0, 1, '2026-06-07 21:38:19', '2026-06-07 21:38:19', NULL),
	(38, 3, 46, 5.0, 1, '2026-06-07 21:38:34', '2026-06-07 21:38:38', NULL),
	(39, 3, 45, 3.0, 1, '2026-06-07 21:38:44', '2026-06-07 21:38:44', NULL),
	(40, 3, 33, 5.0, 1, '2026-06-07 21:39:17', '2026-06-07 21:39:17', NULL),
	(41, 3, 34, 2.0, 1, '2026-06-07 21:39:24', '2026-06-07 21:39:24', NULL),
	(42, 3, 40, 2.0, 1, '2026-06-07 21:39:54', '2026-06-07 21:39:54', NULL),
	(43, 3, 36, 4.0, 1, '2026-06-07 21:40:13', '2026-06-07 21:40:13', NULL),
	(44, 3, 35, 4.0, 1, '2026-06-07 21:40:17', '2026-06-07 21:40:17', NULL),
	(45, 4, 30, 5.0, 1, '2026-06-07 21:40:40', '2026-06-07 21:40:40', NULL),
	(46, 4, 29, 5.0, 1, '2026-06-07 21:40:44', '2026-06-07 21:40:44', NULL),
	(47, 4, 42, 5.0, 1, '2026-06-07 21:40:56', '2026-06-07 21:40:56', NULL),
	(48, 4, 43, 4.0, 1, '2026-06-07 21:41:03', '2026-06-07 21:41:03', NULL),
	(49, 4, 35, 5.0, 1, '2026-06-07 21:41:19', '2026-06-07 21:41:19', NULL),
	(50, 4, 36, 5.0, 1, '2026-06-07 21:41:22', '2026-06-07 21:41:22', NULL),
	(51, 4, 31, 4.0, 1, '2026-06-07 21:41:32', '2026-06-07 21:41:32', NULL),
	(52, 4, 49, 5.0, 1, '2026-06-07 21:41:40', '2026-06-07 21:41:40', NULL),
	(53, 4, 50, 2.0, 1, '2026-06-07 21:41:48', '2026-06-07 21:41:48', NULL),
	(54, 4, 38, 4.0, 1, '2026-06-07 21:41:56', '2026-06-07 21:41:56', NULL),
	(55, 4, 39, 4.0, 1, '2026-06-07 21:42:01', '2026-06-07 21:42:01', NULL),
	(56, 4, 48, 4.0, 1, '2026-06-07 21:42:11', '2026-06-07 21:42:11', NULL),
	(57, 4, 45, 4.0, 1, '2026-06-07 21:42:25', '2026-06-07 21:42:25', NULL),
	(58, 4, 46, 5.0, 1, '2026-06-07 21:42:29', '2026-06-07 21:42:29', NULL),
	(59, 5, 29, 4.0, 1, '2026-06-07 21:43:01', '2026-06-07 21:43:01', NULL),
	(60, 5, 30, 5.0, 1, '2026-06-07 21:43:07', '2026-06-07 21:43:07', NULL),
	(61, 5, 39, 3.0, 1, '2026-06-07 21:43:48', '2026-06-07 21:43:48', NULL),
	(62, 5, 38, 3.0, 1, '2026-06-07 21:43:55', '2026-06-07 21:43:55', NULL),
	(63, 5, 49, 5.0, 1, '2026-06-07 21:44:02', '2026-06-07 21:44:02', NULL),
	(64, 5, 33, 4.0, 1, '2026-06-07 21:44:10', '2026-06-07 21:44:10', NULL),
	(65, 5, 34, 3.0, 1, '2026-06-07 21:44:15', '2026-06-07 21:44:15', NULL),
	(66, 5, 40, 4.0, 1, '2026-06-07 21:44:22', '2026-06-07 21:44:22', NULL),
	(67, 6, 36, 4.0, 1, '2026-06-07 21:45:01', '2026-06-07 21:45:01', NULL),
	(68, 6, 35, 4.0, 1, '2026-06-07 21:45:06', '2026-06-07 21:45:06', NULL),
	(69, 6, 34, 4.0, 1, '2026-06-07 21:45:17', '2026-06-07 21:45:17', NULL),
	(70, 6, 33, 4.0, 1, '2026-06-07 21:45:21', '2026-06-07 21:45:21', NULL),
	(71, 6, 31, 5.0, 1, '2026-06-07 21:45:52', '2026-06-07 21:45:52', NULL),
	(72, 6, 42, 5.0, 1, '2026-06-07 21:46:06', '2026-06-07 21:46:06', NULL),
	(73, 6, 43, 3.0, 1, '2026-06-07 21:46:12', '2026-06-07 21:46:12', NULL),
	(74, 6, 44, 4.0, 1, '2026-06-07 21:46:18', '2026-06-07 21:46:29', NULL),
	(75, 6, 28, 4.0, 1, '2026-06-07 21:46:53', '2026-06-07 21:46:53', NULL),
	(76, 6, 27, 3.0, 1, '2026-06-07 21:46:59', '2026-06-07 21:46:59', NULL),
	(77, 6, 26, 5.0, 1, '2026-06-07 21:47:05', '2026-06-07 21:47:05', NULL),
	(78, 7, 32, 5.0, 1, '2026-06-07 21:52:01', '2026-06-07 21:52:01', NULL),
	(79, 8, 48, 4.0, 1, '2026-06-07 21:55:12', '2026-06-07 21:55:12', NULL),
	(80, 8, 47, 4.0, 1, '2026-06-07 21:55:22', '2026-06-07 21:55:22', NULL),
	(81, 8, 45, 4.0, 1, '2026-06-07 21:55:25', '2026-06-07 21:55:25', NULL),
	(82, 9, 38, 5.0, 1, '2026-06-07 21:56:12', '2026-06-07 21:56:12', NULL),
	(83, 9, 39, 5.0, 1, '2026-06-07 21:56:16', '2026-06-07 21:56:16', NULL),
	(84, 9, 29, 5.0, 1, '2026-06-07 21:56:28', '2026-06-07 21:56:28', NULL),
	(85, 9, 26, 3.0, 1, '2026-06-07 21:56:36', '2026-06-07 21:56:53', NULL),
	(86, 9, 49, 4.0, 1, '2026-06-07 21:57:09', '2026-06-07 21:57:09', NULL),
	(87, 9, 50, 3.0, 1, '2026-06-07 21:57:17', '2026-06-07 21:57:17', NULL),
	(88, 9, 46, 5.0, 1, '2026-06-07 21:57:26', '2026-06-07 21:57:26', NULL),
	(89, 9, 45, 3.0, 1, '2026-06-07 21:57:34', '2026-06-07 21:57:34', NULL),
	(90, 9, 44, 4.0, 1, '2026-06-07 21:58:35', '2026-06-07 21:58:35', NULL),
	(91, 9, 30, 5.0, 1, '2026-06-07 21:58:38', '2026-06-07 21:58:38', NULL),
	(92, 10, 46, 5.0, 1, '2026-06-07 21:59:08', '2026-06-07 21:59:08', NULL),
	(93, 10, 49, 4.0, 1, '2026-06-07 21:59:27', '2026-06-07 21:59:27', NULL),
	(94, 10, 31, 4.0, 1, '2026-06-07 21:59:38', '2026-06-07 21:59:38', NULL),
	(95, 10, 30, 5.0, 1, '2026-06-07 21:59:41', '2026-06-07 21:59:41', NULL),
	(96, 11, 50, 3.0, 1, '2026-06-07 22:00:12', '2026-06-07 22:00:12', NULL),
	(97, 11, 49, 5.0, 1, '2026-06-07 22:00:19', '2026-06-07 22:00:19', NULL),
	(98, 11, 48, 4.0, 1, '2026-06-07 22:00:31', '2026-06-07 22:00:31', NULL),
	(99, 11, 47, 4.0, 1, '2026-06-07 22:00:36', '2026-06-07 22:00:36', NULL),
	(100, 11, 43, 4.0, 1, '2026-06-07 22:02:20', '2026-06-07 22:02:23', NULL),
	(101, 11, 42, 5.0, 1, '2026-06-07 22:02:30', '2026-06-07 22:02:30', NULL),
	(102, 11, 44, 2.0, 1, '2026-06-07 22:02:42', '2026-06-07 22:02:42', NULL),
	(103, 12, 49, 5.0, 1, '2026-06-07 22:04:50', '2026-06-07 22:04:50', NULL),
	(104, 13, 42, 5.0, 1, '2026-06-07 22:05:34', '2026-06-07 22:05:34', NULL),
	(105, 13, 29, 5.0, 1, '2026-06-07 22:05:40', '2026-06-07 22:05:40', NULL),
	(106, 13, 46, 4.0, 1, '2026-06-07 22:05:52', '2026-06-07 22:05:52', NULL),
	(107, 13, 45, 3.0, 1, '2026-06-07 22:06:21', '2026-06-07 22:06:21', NULL),
	(108, 14, 25, 5.0, 1, '2026-06-07 22:06:58', '2026-06-07 22:06:58', NULL),
	(109, 15, 23, 5.0, 1, '2026-06-07 22:08:41', '2026-06-07 22:08:47', NULL),
	(110, 15, 22, 5.0, 1, '2026-06-07 22:08:55', '2026-06-07 22:08:55', NULL),
	(111, 15, 21, 5.0, 1, '2026-06-07 22:09:01', '2026-06-07 22:09:01', NULL),
	(112, 6, 23, 2.0, 1, '2026-06-07 22:12:33', '2026-06-07 22:12:33', NULL),
	(113, 6, 22, 2.0, 1, '2026-06-07 22:12:40', '2026-06-07 22:12:40', NULL),
	(114, 6, 21, 2.0, 1, '2026-06-07 22:12:45', '2026-06-07 22:12:45', NULL),
	(115, 6, 25, 4.0, 1, '2026-06-07 22:13:01', '2026-06-07 22:13:05', NULL),
	(116, 6, 24, 4.0, 1, '2026-06-07 22:13:10', '2026-06-07 22:13:10', NULL);

-- Volcando estructura para tabla phototop.reports
CREATE TABLE IF NOT EXISTS `reports` (
  `id` int NOT NULL AUTO_INCREMENT,
  `reporter_id` int NOT NULL,
  `target_type` enum('user','post','comment','message') COLLATE utf8mb4_general_ci NOT NULL,
  `target_id` int NOT NULL,
  `reason` varchar(255) CHARACTER SET utf8mb4 COLLATE utf8mb4_general_ci NOT NULL,
  `details` text CHARACTER SET utf8mb4 COLLATE utf8mb4_general_ci NOT NULL,
  `status` enum('open','reviewing','closed') CHARACTER SET utf8mb4 COLLATE utf8mb4_general_ci NOT NULL DEFAULT 'open',
  `admin_reason` varchar(500) CHARACTER SET utf8mb4 COLLATE utf8mb4_general_ci DEFAULT NULL,
  `active` tinyint(1) NOT NULL DEFAULT '1',
  `created_at` timestamp NULL DEFAULT CURRENT_TIMESTAMP,
  `updated_at` timestamp NULL DEFAULT CURRENT_TIMESTAMP ON UPDATE CURRENT_TIMESTAMP,
  `deleted_at` timestamp NULL DEFAULT NULL,
  PRIMARY KEY (`id`),
  KEY `idx_reports_reporter` (`reporter_id`),
  KEY `idx_reports_target` (`target_type`,`target_id`),
  KEY `idx_reports_status` (`status`),
  CONSTRAINT `fk_reports_reporter` FOREIGN KEY (`reporter_id`) REFERENCES `users` (`id`) ON DELETE CASCADE
) ENGINE=InnoDB AUTO_INCREMENT=14 DEFAULT CHARSET=utf8mb4 COLLATE=utf8mb4_general_ci;

-- Volcando datos para la tabla phototop.reports: ~11 rows (aproximadamente)
INSERT INTO `reports` (`id`, `reporter_id`, `target_type`, `target_id`, `reason`, `details`, `status`, `admin_reason`, `active`, `created_at`, `updated_at`, `deleted_at`) VALUES
	(1, 4, 'user', 9, 'Comportamiento inapropiado', 'Mensajes ofensivos', 'open', NULL, 1, '2026-04-05 13:15:59', '2026-04-05 13:26:04', NULL),
	(2, 4, 'user', 9, 'Spam', 'Contenido repetido', 'closed', 'desactivado', 1, '2026-04-05 13:15:59', '2026-05-27 16:44:34', NULL),
	(3, 8, 'user', 5, 'Comportamiento inapropiado', 'Mensajes ofensivos', 'open', 'borrado', 1, '2026-04-05 13:42:50', '2026-04-12 18:44:56', NULL),
	(4, 8, 'user', 5, 'Spam', 'Contenido repetido', 'open', 'adads', 1, '2026-04-05 13:42:50', '2026-04-12 18:45:01', NULL),
	(5, 3, 'user', 11, 'Contenido inapropiado', 'Contenido robado', 'open', NULL, 1, '2026-04-24 18:49:03', '2026-04-24 18:49:03', NULL),
	(6, 3, 'post', 8, 'Contenido inapropiado', 'Foto robada', 'open', NULL, 1, '2026-04-24 18:55:30', '2026-04-24 18:55:30', NULL),
	(7, 11, 'comment', 5, 'Otro', 'Es mentira lo que dice', 'open', NULL, 1, '2026-04-24 19:01:42', '2026-04-24 19:01:42', NULL),
	(8, 1, 'user', 6, 'Otro', 'Por ser la mejor novia del universo', 'open', NULL, 1, '2026-04-24 19:07:32', '2026-04-24 19:07:32', NULL),
	(9, 3, 'user', 11, 'Contenido inapropiado', 'La publicación contiene contenido que no cumple las normas.', 'open', NULL, 1, '2026-05-24 10:41:53', '2026-05-24 10:41:53', NULL),
	(10, 3, 'user', 11, 'Contenido inapropiado', 'La publicación contiene contenido que no cumple las normas.', 'open', 'Efectivamente el contenido es inapropiado he incumple normativas de la web.', 1, '2026-05-24 14:13:24', '2026-05-27 16:46:14', NULL),
	(11, 3, 'user', 11, 'Contenido inapropiado', 'El perfil contiene contenido que no cumple las normas.', 'open', 'Reporte revisado por administración. Se desactiva el usuario por incumplir las normas de la plataforma.', 1, '2026-05-24 17:27:58', '2026-05-30 10:43:24', NULL),
	(12, 6, 'post', 14, 'Contenido inapropiado', 'post 14 robado', 'open', NULL, 1, '2026-06-05 15:00:03', '2026-06-05 15:00:03', NULL),
	(13, 6, 'user', 7, 'Spam', 'spam', 'closed', 'El reporte es mentira', 1, '2026-06-05 16:29:20', '2026-06-06 14:16:20', NULL);

-- Volcando estructura para tabla phototop.user_blocks
CREATE TABLE IF NOT EXISTS `user_blocks` (
  `id` int NOT NULL AUTO_INCREMENT,
  `blocker_id` int NOT NULL,
  `blocked_id` int NOT NULL,
  `active` tinyint(1) NOT NULL DEFAULT '1',
  `created_at` timestamp NULL DEFAULT CURRENT_TIMESTAMP,
  `updated_at` timestamp NULL DEFAULT CURRENT_TIMESTAMP ON UPDATE CURRENT_TIMESTAMP,
  `deleted_at` timestamp NULL DEFAULT NULL,
  PRIMARY KEY (`id`),
  UNIQUE KEY `uq_block` (`blocker_id`,`blocked_id`),
  KEY `fk_blocks_blocked` (`blocked_id`),
  CONSTRAINT `fk_blocks_blocked` FOREIGN KEY (`blocked_id`) REFERENCES `users` (`id`) ON DELETE CASCADE,
  CONSTRAINT `fk_blocks_blocker` FOREIGN KEY (`blocker_id`) REFERENCES `users` (`id`) ON DELETE CASCADE
) ENGINE=InnoDB DEFAULT CHARSET=utf8mb4 COLLATE=utf8mb4_general_ci;

-- Volcando datos para la tabla phototop.user_blocks: ~0 rows (aproximadamente)

-- Volcando estructura para tabla phototop.user_categories
CREATE TABLE IF NOT EXISTS `user_categories` (
  `id` int NOT NULL AUTO_INCREMENT,
  `user_id` int NOT NULL,
  `category_id` int NOT NULL,
  `active` tinyint(1) NOT NULL DEFAULT '1',
  `created_at` timestamp NULL DEFAULT CURRENT_TIMESTAMP,
  `updated_at` timestamp NULL DEFAULT CURRENT_TIMESTAMP ON UPDATE CURRENT_TIMESTAMP,
  `deleted_at` timestamp NULL DEFAULT NULL,
  PRIMARY KEY (`id`),
  UNIQUE KEY `uq_user_category` (`user_id`,`category_id`),
  KEY `fk_uc_category` (`category_id`),
  CONSTRAINT `fk_uc_category` FOREIGN KEY (`category_id`) REFERENCES `categories` (`id`) ON DELETE CASCADE,
  CONSTRAINT `fk_uc_user` FOREIGN KEY (`user_id`) REFERENCES `users` (`id`) ON DELETE CASCADE
) ENGINE=InnoDB AUTO_INCREMENT=119 DEFAULT CHARSET=utf8mb4 COLLATE=utf8mb4_general_ci;

-- Volcando datos para la tabla phototop.user_categories: ~32 rows (aproximadamente)
INSERT INTO `user_categories` (`id`, `user_id`, `category_id`, `active`, `created_at`, `updated_at`, `deleted_at`) VALUES
	(1, 10, 2, 0, '2026-03-13 14:18:42', '2026-04-03 18:29:10', '2026-04-03 18:29:10'),
	(2, 10, 7, 0, '2026-03-13 14:18:42', '2026-06-07 18:24:07', '2026-06-07 18:24:07'),
	(3, 11, 1, 0, '2026-03-13 18:54:13', '2026-06-07 18:33:35', '2026-06-07 18:33:35'),
	(4, 11, 3, 1, '2026-03-13 18:54:13', '2026-06-07 18:53:02', NULL),
	(5, 11, 7, 0, '2026-03-13 18:54:13', '2026-06-07 18:33:35', '2026-06-07 18:33:35'),
	(6, 10, 1, 0, '2026-04-03 17:48:39', '2026-06-07 18:24:07', '2026-06-07 18:24:07'),
	(7, 10, 8, 0, '2026-04-03 17:48:39', '2026-04-03 17:50:19', '2026-04-03 17:50:19'),
	(24, 9, 2, 1, '2026-04-17 18:36:55', '2026-06-07 17:48:16', NULL),
	(25, 9, 7, 0, '2026-04-17 18:36:55', '2026-06-06 12:54:06', '2026-06-06 12:54:06'),
	(30, 9, 1, 1, '2026-04-17 18:38:50', '2026-06-07 17:48:16', NULL),
	(31, 9, 8, 0, '2026-04-17 18:38:50', '2026-06-06 12:54:06', '2026-06-06 12:54:06'),
	(32, 9, 3, 1, '2026-04-17 18:38:50', '2026-06-07 17:48:16', NULL),
	(33, 9, 4, 1, '2026-04-17 18:38:50', '2026-06-07 17:48:16', NULL),
	(34, 9, 5, 0, '2026-04-17 18:38:50', '2026-06-07 17:48:16', '2026-06-07 17:48:16'),
	(35, 9, 6, 0, '2026-04-17 18:38:50', '2026-06-07 17:38:10', '2026-06-07 17:38:10'),
	(36, 3, 7, 1, '2026-04-18 10:20:14', '2026-06-07 17:51:56', NULL),
	(38, 3, 1, 0, '2026-04-18 10:20:29', '2026-06-07 17:51:56', '2026-06-07 17:51:56'),
	(41, 6, 1, 1, '2026-04-18 16:10:52', '2026-06-07 17:34:03', NULL),
	(42, 6, 2, 0, '2026-04-18 16:10:52', '2026-06-07 17:33:53', '2026-06-07 17:33:53'),
	(43, 12, 1, 0, '2026-04-29 22:19:17', '2026-06-07 18:44:28', '2026-06-07 18:44:28'),
	(44, 12, 3, 1, '2026-04-29 22:19:17', '2026-06-07 18:45:56', NULL),
	(45, 12, 4, 1, '2026-04-29 22:19:17', '2026-06-07 18:45:56', NULL),
	(51, 13, 3, 1, '2026-06-06 14:09:12', '2026-06-07 18:58:09', NULL),
	(52, 13, 5, 1, '2026-06-06 14:09:12', '2026-06-07 18:58:09', NULL),
	(53, 14, 6, 1, '2026-06-07 16:21:03', '2026-06-07 16:21:03', NULL),
	(54, 14, 1, 1, '2026-06-07 16:21:03', '2026-06-07 16:21:03', NULL),
	(55, 14, 8, 1, '2026-06-07 16:21:03', '2026-06-07 16:21:03', NULL),
	(56, 15, 6, 1, '2026-06-07 16:34:53', '2026-06-07 16:34:53', NULL),
	(57, 7, 8, 1, '2026-06-07 17:06:12', '2026-06-07 18:17:09', NULL),
	(59, 7, 2, 1, '2026-06-07 17:06:21', '2026-06-07 18:17:09', NULL),
	(60, 7, 1, 1, '2026-06-07 17:06:21', '2026-06-07 18:17:09', NULL),
	(61, 7, 5, 1, '2026-06-07 17:06:21', '2026-06-07 18:17:09', NULL),
	(65, 6, 4, 1, '2026-06-07 17:33:53', '2026-06-07 17:34:03', NULL),
	(66, 6, 3, 1, '2026-06-07 17:33:53', '2026-06-07 17:34:03', NULL),
	(73, 6, 7, 1, '2026-06-07 17:34:03', '2026-06-07 17:34:03', NULL),
	(91, 4, 5, 1, '2026-06-07 17:53:12', '2026-06-07 17:53:12', NULL),
	(92, 4, 1, 1, '2026-06-07 17:53:12', '2026-06-07 17:53:12', NULL),
	(93, 5, 1, 1, '2026-06-07 17:58:44', '2026-06-07 17:58:44', NULL),
	(98, 8, 7, 1, '2026-06-07 18:18:07', '2026-06-07 18:18:07', NULL),
	(99, 8, 5, 1, '2026-06-07 18:18:07', '2026-06-07 18:18:07', NULL),
	(100, 10, 5, 0, '2026-06-07 18:24:07', '2026-06-07 18:31:31', '2026-06-07 18:31:31'),
	(101, 10, 4, 1, '2026-06-07 18:24:07', '2026-06-07 18:31:31', NULL),
	(104, 10, 3, 1, '2026-06-07 18:29:26', '2026-06-07 18:31:31', NULL),
	(107, 11, 5, 1, '2026-06-07 18:33:35', '2026-06-07 18:53:02', NULL),
	(111, 12, 5, 1, '2026-06-07 18:44:28', '2026-06-07 18:45:56', NULL);

-- Volcando estructura para tabla phototop.users
CREATE TABLE IF NOT EXISTS `users` (
  `id` int NOT NULL AUTO_INCREMENT,
  `name` varchar(50) CHARACTER SET utf8mb4 COLLATE utf8mb4_general_ci DEFAULT NULL,
  `surname` varchar(50) CHARACTER SET utf8mb4 COLLATE utf8mb4_general_ci DEFAULT NULL,
  `email` varchar(100) CHARACTER SET utf8mb4 COLLATE utf8mb4_general_ci NOT NULL,
  `password` varchar(255) CHARACTER SET utf8mb4 COLLATE utf8mb4_general_ci NOT NULL,
  `province_id` int DEFAULT NULL,
  `description` text CHARACTER SET utf8mb4 COLLATE utf8mb4_general_ci,
  `phone` varchar(30) CHARACTER SET utf8mb4 COLLATE utf8mb4_general_ci DEFAULT NULL,
  `profile_image` varchar(255) CHARACTER SET utf8mb4 COLLATE utf8mb4_general_ci DEFAULT NULL,
  `admin` tinyint(1) NOT NULL DEFAULT '0',
  `photographer` tinyint(1) NOT NULL DEFAULT '0',
  `model` tinyint(1) NOT NULL DEFAULT '0',
  `active` tinyint(1) NOT NULL DEFAULT '1',
  `created_at` timestamp NULL DEFAULT CURRENT_TIMESTAMP,
  `updated_at` timestamp NULL DEFAULT CURRENT_TIMESTAMP ON UPDATE CURRENT_TIMESTAMP,
  `deleted_at` timestamp NULL DEFAULT NULL,
  PRIMARY KEY (`id`),
  UNIQUE KEY `uq_users_email` (`email`),
  KEY `FK_users_provinces` (`province_id`),
  CONSTRAINT `FK_users_provinces` FOREIGN KEY (`province_id`) REFERENCES `provinces` (`id`) ON DELETE SET NULL ON UPDATE CASCADE
) ENGINE=InnoDB AUTO_INCREMENT=16 DEFAULT CHARSET=utf8mb4 COLLATE=utf8mb4_general_ci;

-- Volcando datos para la tabla phototop.users: ~10 rows (aproximadamente)
INSERT INTO `users` (`id`, `name`, `surname`, `email`, `password`, `province_id`, `description`, `phone`, `profile_image`, `admin`, `photographer`, `model`, `active`, `created_at`, `updated_at`, `deleted_at`) VALUES
	(1, 'Admin', 'System', 'admin@phototop.local', '$2b$10$/nMDqbEH5x/3gwJYy3.louAqzxSSqmg8qDQ0.6po57R/HEhfTQgfG', 12, 'admin', NULL, NULL, 1, 0, 0, 1, '2026-01-30 10:40:42', '2026-06-07 17:20:44', NULL),
	(2, 'Dani', 'Portilla López', 'dani@phototop.com', '$2b$10$uCATVoxf.eDlm0FfRXo9RuFhP7R0riFp9fzYLwWdBN9f23u/l9oL.', 12, 'Me encanta la fotografía', NULL, NULL, 0, 0, 0, 1, '2026-02-27 17:16:57', '2026-06-07 17:49:46', NULL),
	(3, 'Raul', 'Portilla López', 'raul@phototop.com', '$2b$10$7B1e2VSikRhYRf836PEQNOqKcZEqi7vTZzuvew7gx5XLpwKe/Ws3q', 12, 'Fotografía profesional para bodas, enfocada en contar la historia de cada pareja a través de imágenes auténticas, cuidadas y llenas de emoción.', NULL, '/uploads/avatars/a_1773400660387_gx0mifq579.jpg', 0, 1, 0, 1, '2026-03-06 14:36:58', '2026-06-07 17:51:48', NULL),
	(4, 'Javi', 'Nuñez Morales', 'javi@phototop.com', '$2b$10$hxLWhL91segsbCbNQ9zI4ejIz21VTL1Psk35KBS.HW.glmc4b5hm.', 12, 'Apasionado por la ciudad, la arquitectura y la vida cotidiana. Captura imágenes modernas, espontáneas y llenas de carácter.', NULL, '/uploads/avatars/a_1780855041902_k6dd1ssm4lh.jpg', 0, 1, 0, 1, '2026-03-06 15:12:54', '2026-06-07 17:57:21', NULL),
	(5, 'Laura', 'Portilla Gutierrez', 'laura@phototop.com', '$2b$10$le./KQAUchZ9Abef8c09Q.HZczhScVkZ.rMSlPZCyhpJ4kefCj5eO', 12, 'Fotógrafa especializada en retratos naturales y profesionales, enfocada en capturar la esencia, personalidad y estilo de cada persona.', NULL, '/uploads/avatars/a_1780855139495_08fmhr0c30r5.jpg', 0, 1, 0, 1, '2026-03-06 15:14:05', '2026-06-07 17:58:59', NULL),
	(6, 'Marta', 'Nuñez Morales', 'marta@phototop.com', '$2b$10$94OBV.IYFUvIhlkNx901ruiSV1.ftUasb/dtyDYd5/pGzDpFdRzFa', 16, 'Crea imágenes auténticas y cuidadas, enfocadas en resaltar la personalidad, expresión y estilo de cada persona.', NULL, '/uploads/avatars/a_1773328197821_oh4jdsxou9n.jpg', 0, 1, 1, 1, '2026-03-06 18:14:24', '2026-06-07 17:29:57', NULL),
	(7, 'Sergio', 'Portilla López', 'sergio@phototop.com', '$2b$10$8nGrBLNeB1vHFqxIsju3/utZYxM4j82UdLAYN9ilv4FkBnaqvbYEK', 12, 'Sesiones de retrato cuidadas y personalizadas para resaltar tu mejor versión con comodidad, confianza y una imagen auténtica.', NULL, '/uploads/avatars/a_1780856171598_rw2z4y4e95n.jpg', 0, 1, 1, 1, '2026-03-12 14:18:13', '2026-06-07 18:17:09', NULL),
	(8, 'Rosa', 'López Benito', 'rosa@phototop.com', '$2b$10$aDJkSpL6z8VWQYe8McYHGemtHGMpWQPu2f2ZBdCgXFIhmifsRuQsC', 12, 'Narradora visual de historias de amor y celebraciones, experto/a en documentar momentos espontáneos, lágrimas y risas.', NULL, '/uploads/avatars/a_1780859144681_gcwanq01o6l.jpg', 0, 1, 0, 1, '2026-03-13 11:21:38', '2026-06-07 19:05:44', NULL),
	(9, 'Alberto', 'San Francisco', 'alberto@phototop.com', '$2b$10$Bp7yaCJ1DXgo8Bs52rNl9.573any6EfD9WFIT7D18k8/fWOP50ENG', 12, 'Soy fotógrafo y me gusta la moda. Hago sesiones fotográficas de eventos, bodas, paisajes, etc.', NULL, '/uploads/avatars/a_1780854063934_fwy166m1itp.jpg', 0, 1, 0, 1, '2026-03-13 14:10:55', '2026-06-07 17:42:40', NULL),
	(10, 'Carmen', 'López García', 'carmen@phototop.com', '$2b$10$tqHnIeLVBHumfJXPO5MMh.NhcHSF8fsQuM5Ah4mpk5S4kbAEmImqi', 16, 'Fotógrafa especializada en naturaleza, paisajes y vida silvestre, enfocada en capturar la belleza del entorno con sensibilidad y detalle.', NULL, '/uploads/avatars/a_1780856678350_r1vi4tz5xvg.jpg', 0, 1, 0, 1, '2026-03-13 14:18:42', '2026-06-07 18:24:38', NULL),
	(11, 'Pepe', 'Gutierrez Benito', 'pepe@phototop.com', '$2b$10$aGO3vwWNvPgv389VMlyatOzUbv07V5o8DB7/C.PUF2DBtK23J64sO', 16, 'Fotógrafo especializado en paisajes y arquitectura, enfocado en capturar espacios, formas y entornos con una mirada técnica, estética y profesional.', NULL, '/uploads/avatars/a_1780857508190_iu7fk8rdq3.jpg', 0, 1, 0, 1, '2026-03-13 18:54:13', '2026-06-07 18:53:02', NULL),
	(12, 'Paula', 'Del Valle', 'paula@phototop.com', '$2b$10$dfRNQm2VFaA1MvP52ILi4.Nhi7tRSMZjhEpicJ2Lv1LoLTX8lV9ei', 12, 'Soy una fotógrafa', NULL, '/uploads/avatars/a_1780857975947_9h5ebdafxo.jpg', 0, 1, 0, 1, '2026-04-29 22:19:17', '2026-06-07 18:51:29', NULL),
	(13, 'Elsa', 'Rodriguez', 'elsa@phototop.com', '$2b$10$PzSkxrlHCtafF22EHEIuWevwtEtGNuOCQYEkwZiwzodR.hbDzUYJO', 12, 'Fotografía de paisaje y arquitectura para proyectos visuales, publicaciones, decoración, inmobiliarias, turismo o contenido profesional.', NULL, '/uploads/avatars/a_1780858431910_r3wixtvhfo.jpg', 0, 1, 0, 1, '2026-06-06 14:09:12', '2026-06-07 18:58:09', NULL),
	(14, 'Pablo', 'García Sacristán', 'pablo@phototop.com', '$2b$10$iShBFE9aCsNX076bmPBUKuH/iarqSzhEBZKrrLrp/gc3CXgqot/1W', 12, 'Fotoperiodista especializado en deportes y fotografía social.', NULL, '/uploads/avatars/a_1780849296101_dxvs588634b.jpg', 0, 1, 0, 1, '2026-06-07 16:21:03', '2026-06-07 16:21:36', NULL),
	(15, 'Jose Antonio', 'Miguelez', 'joseantonio@phototop.com', '$2b$10$qsugxmNTAKDBuTszZkjdnuS20l/pAHYBmvFB01n7H9bdjQo.ahVgG', 12, 'Fotógrafo deportivo, nacido en León y afincado en Madrid. Fundador, en 1993, de Temp Sport Miguelez, primera agencia gráfica española dedicada única y exclusivamente a fotografiar el Deporte, mas conocida por la Marca registrada con el nombre de: Miguelez Sports Foto.', NULL, '/uploads/avatars/a_1780850404946_pd91t3ojdak.jpeg', 0, 1, 0, 1, '2026-06-07 16:34:53', '2026-06-07 16:40:04', NULL);

/*!40103 SET TIME_ZONE=IFNULL(@OLD_TIME_ZONE, 'system') */;
/*!40101 SET SQL_MODE=IFNULL(@OLD_SQL_MODE, '') */;
/*!40014 SET FOREIGN_KEY_CHECKS=IFNULL(@OLD_FOREIGN_KEY_CHECKS, 1) */;
/*!40101 SET CHARACTER_SET_CLIENT=@OLD_CHARACTER_SET_CLIENT */;
/*!40111 SET SQL_NOTES=IFNULL(@OLD_SQL_NOTES, 1) */;
